,p1,p3,avgi/N,vari
0,0.2,0.5,8.281609386979566e-05,0.02544734255278425
